<prezi xsi:schemaLocation="http://prezi.com/schema/prezi/2 http://prezi.com/schema/prezi/2" xmlns:xsi="http://www.w3.org/2001/XMLSchema-instance" version="2" xmlns="http://prezi.com/schema/prezi/2"><xFields><xField name="preziType"><xEnum type="PreziType" value="converted-from-core"/></xField></xFields><documentStyle><documentStyle><fontClasses><array><fontClass><fontFamily><string value="Arimo"/></fontFamily><name><string value="body"/></name></fontClass><fontClass><fontFamily><string value="Cabin"/></fontFamily><fontWeight><fontWeight value="bold"/></fontWeight><name><string value="head"/></name></fontClass><fontClass><fontFamily><string value="Arimo"/></fontFamily><fontStyle><fontStyle value="italic"/></fontStyle><fontWeight><fontWeight value="bold"/></fontWeight><name><string value="strong"/></name></fontClass></array></fontClasses><fontFamilies><array><fontFamily><fontFaces><array><fontFace><fontSrc><string value="Arimo-Regular.keg"/></fontSrc></fontFace><fontFace><fontSrc><string value="Arimo-BoldItalic.keg"/></fontSrc><fontStyle><fontStyle value="italic"/></fontStyle><fontWeight><fontWeight value="bold"/></fontWeight></fontFace><fontFace><fontSrc><string value="Arimo-Bold.keg"/></fontSrc><fontWeight><fontWeight value="bold"/></fontWeight></fontFace><fontFace><fontSrc><string value="Arimo-Italic.keg"/></fontSrc><fontStyle><fontStyle value="italic"/></fontStyle></fontFace></array></fontFaces><name><string value="Arimo"/></name></fontFamily><fontFamily><fontFaces><array><fontFace><fontSrc><string value="Cabin-Bold.keg"/></fontSrc><fontWeight><fontWeight value="bold"/></fontWeight></fontFace><fontFace><fontSrc><string value="Cabin-Regular.keg"/></fontSrc></fontFace><fontFace><fontSrc><string value="Cabin-Italic.keg"/></fontSrc><fontStyle><fontStyle value="italic"/></fontStyle></fontFace><fontFace><fontSrc><string value="Cabin-BoldItalic.keg"/></fontSrc><fontStyle><fontStyle value="italic"/></fontStyle><fontWeight><fontWeight value="bold"/></fontWeight></fontFace></array></fontFaces><name><string value="Cabin"/></name></fontFamily></array></fontFamilies><styleDeclarations><array><styleDeclaration><styleBlock><styleBlock><gradEndAlpha><double value="0.7"/></gradEndAlpha><gradStartAlpha><double value="0.5"/></gradStartAlpha></styleBlock></styleBlock><styleSelector><simpleSelector value="zCircle"/></styleSelector></styleDeclaration><styleDeclaration><styleBlock><styleBlock><color><color value="#4B4D4F"/></color><gradEndColor><color value="#4B4D4F"/></gradEndColor><gradStartColor><color value="#4B4D4F"/></gradStartColor><fillType><fillType value="linear"/></fillType></styleBlock></styleBlock><styleSelector><simpleSelector value="*.line1"/></styleSelector></styleDeclaration><styleDeclaration><styleBlock><styleBlock><color><color value="#B56041"/></color><gradEndColor><color value="#B56041"/></gradEndColor><gradStartColor><color value="#B56041"/></gradStartColor><fillType><fillType value="linear"/></fillType></styleBlock></styleBlock><styleSelector><simpleSelector value="*.line2"/></styleSelector></styleDeclaration><styleDeclaration><styleBlock><styleBlock><color><color value="#9ED7FE"/></color><gradEndColor><color value="#9ED7FE"/></gradEndColor><gradStartColor><color value="#9ED7FE"/></gradStartColor><fillType><fillType value="linear"/></fillType></styleBlock></styleBlock><styleSelector><simpleSelector value="*.line3"/></styleSelector></styleDeclaration><styleDeclaration><styleBlock><styleBlock><color><color value="#6D6C2D"/></color><gradEndColor><color value="#6D6C2D"/></gradEndColor><gradStartColor><color value="#6D6C2D"/></gradStartColor><fillType><fillType value="linear"/></fillType></styleBlock></styleBlock><styleSelector><simpleSelector value="*.line4"/></styleSelector></styleDeclaration><styleDeclaration><styleBlock><styleBlock><color><color value="#FFC533"/></color><gradEndColor><color value="#FFC533"/></gradEndColor><gradStartColor><color value="#FFC533"/></gradStartColor><fillType><fillType value="linear"/></fillType></styleBlock></styleBlock><styleSelector><simpleSelector value="*.line5"/></styleSelector></styleDeclaration><styleDeclaration><styleBlock><styleBlock><color><color value="#F7F7F7"/></color><gradEndColor><color value="#4B4D4F"/></gradEndColor><gradStartColor><color value="#4B4D4F"/></gradStartColor><fillType><fillType value="linear"/></fillType></styleBlock></styleBlock><styleSelector><simpleSelector value="*.poly1"/></styleSelector></styleDeclaration><styleDeclaration><styleBlock><styleBlock><color><color value="#F7F7F7"/></color><gradEndColor><color value="#B56041"/></gradEndColor><gradStartColor><color value="#B56041"/></gradStartColor><fillType><fillType value="linear"/></fillType></styleBlock></styleBlock><styleSelector><simpleSelector value="*.poly2"/></styleSelector></styleDeclaration><styleDeclaration><styleBlock><styleBlock><color><color value="#F7F7F7"/></color><gradEndColor><color value="#9ED7FE"/></gradEndColor><gradStartColor><color value="#9ED7FE"/></gradStartColor><fillType><fillType value="linear"/></fillType></styleBlock></styleBlock><styleSelector><simpleSelector value="*.poly3"/></styleSelector></styleDeclaration><styleDeclaration><styleBlock><styleBlock><color><color value="#F7F7F7"/></color><gradEndColor><color value="#6D6C2D"/></gradEndColor><gradStartColor><color value="#6D6C2D"/></gradStartColor><fillType><fillType value="linear"/></fillType></styleBlock></styleBlock><styleSelector><simpleSelector value="*.poly4"/></styleSelector></styleDeclaration><styleDeclaration><styleBlock><styleBlock><color><color value="#F7F7F7"/></color><gradEndColor><color value="#FFC533"/></gradEndColor><gradStartColor><color value="#FFC533"/></gradStartColor><fillType><fillType value="linear"/></fillType></styleBlock></styleBlock><styleSelector><simpleSelector value="*.poly5"/></styleSelector></styleDeclaration><styleDeclaration><styleBlock><styleBlock><gradEndColor><color value="#EFEFEF"/></gradEndColor><gradStartColor><color value="#FFFFFF"/></gradStartColor><fillType><fillType value="radial"/></fillType></styleBlock></styleBlock><styleSelector><simpleSelector value="background"/></styleSelector></styleDeclaration><styleDeclaration><styleBlock><styleBlock><gradEndAlpha><double value="1"/></gradEndAlpha><gradStartAlpha><double value="1"/></gradStartAlpha><borderAlpha><double value="0"/></borderAlpha><borderThickness><double value="0"/></borderThickness></styleBlock></styleBlock><styleSelector><simpleSelector value="zArrow"/></styleSelector></styleDeclaration><styleDeclaration><styleBlock><styleBlock><gradEndAlpha><double value="1"/></gradEndAlpha><gradStartAlpha><double value="1"/></gradStartAlpha><borderAlpha><double value="0"/></borderAlpha><borderThickness><double value="0"/></borderThickness><radius><double value="0"/></radius><thickness><double value="100"/></thickness></styleBlock></styleBlock><styleSelector><simpleSelector value="zCircle"/></styleSelector></styleDeclaration><styleDeclaration><styleBlock><styleBlock><color><color value="#000000"/></color></styleBlock></styleBlock><styleSelector><simpleSelector value="zPencil"/></styleSelector></styleDeclaration><styleDeclaration><styleBlock><styleBlock><gradEndAlpha><double value="1"/></gradEndAlpha><gradEndColor><color value="#9ED7FE"/></gradEndColor><gradStartAlpha><double value="1"/></gradStartAlpha><gradStartColor><color value="#9ED7FE"/></gradStartColor><fillType><fillType value="linear"/></fillType><borderAlpha><double value="0"/></borderAlpha><borderThickness><double value="0"/></borderThickness><padding><double value="1.03"/></padding><thickness><double value="8"/></thickness></styleBlock></styleBlock><styleSelector><simpleSelector value="zBracketFrame"/></styleSelector></styleDeclaration><styleDeclaration><styleBlock><styleBlock><gradEndAlpha><double value="1"/></gradEndAlpha><gradEndColor><color value="#9ED7FE"/></gradEndColor><gradStartAlpha><double value="1"/></gradStartAlpha><gradStartColor><color value="#9ED7FE"/></gradStartColor><fillType><fillType value="linear"/></fillType><borderAlpha><double value="0"/></borderAlpha><borderThickness><double value="0"/></borderThickness><padding><double value="1.03"/></padding><thickness><double value="8"/></thickness></styleBlock></styleBlock><styleSelector><simpleSelector value="zCircleFrame"/></styleSelector></styleDeclaration><styleDeclaration><styleBlock><styleBlock><gradEndAlpha><double value="0.9"/></gradEndAlpha><gradEndColor><color value="#FFFFFF"/></gradEndColor><gradStartAlpha><double value="0.9"/></gradStartAlpha><gradStartColor><color value="#FFFFFF"/></gradStartColor><fillType><fillType value="linear"/></fillType><borderAlpha><double value="1"/></borderAlpha><borderColor><color value="#664C44"/></borderColor><borderThickness><double value="5"/></borderThickness><padding><double value="1.03"/></padding><radius><double value="1"/></radius></styleBlock></styleBlock><styleSelector><simpleSelector value="zRectangleFrame"/></styleSelector></styleDeclaration><styleDeclaration><styleBlock><styleBlock><padding><double value="1.2"/></padding></styleBlock></styleBlock><styleSelector><simpleSelector value="zText"/></styleSelector></styleDeclaration><styleDeclaration><styleBlock><styleBlock><color><color value="#333333"/></color><fontClass><string value="body"/></fontClass></styleBlock></styleBlock><styleSelector><simpleSelector value="zText.body"/></styleSelector></styleDeclaration><styleDeclaration><styleBlock><styleBlock><backgroundAlpha><double value="0.9"/></backgroundAlpha><backgroundColor><color value="#A2BAD5"/></backgroundColor><backgroundPadding><double value="5"/></backgroundPadding></styleBlock></styleBlock><styleSelector><simpleSelector value="zText.body-background"/></styleSelector></styleDeclaration><styleDeclaration><styleBlock><styleBlock><color><color value="#6ABCFD"/></color><fontClass><string value="head"/></fontClass></styleBlock></styleBlock><styleSelector><simpleSelector value="zText.title"/></styleSelector></styleDeclaration><styleDeclaration><styleBlock><styleBlock><backgroundAlpha><double value="0.8"/></backgroundAlpha><backgroundColor><color value="#000000"/></backgroundColor><backgroundPadding><double value="5"/></backgroundPadding></styleBlock></styleBlock><styleSelector><simpleSelector value="zText.title-background"/></styleSelector></styleDeclaration><styleDeclaration><styleBlock><styleBlock><color><color value="#424242"/></color><fontClass><string value="strong"/></fontClass></styleBlock></styleBlock><styleSelector><simpleSelector value="zText.subtitle"/></styleSelector></styleDeclaration><styleDeclaration><styleBlock><styleBlock><backgroundAlpha><double value="0.7"/></backgroundAlpha><backgroundColor><color value="#CCCCCC"/></backgroundColor><backgroundPadding><double value="5"/></backgroundPadding></styleBlock></styleBlock><styleSelector><simpleSelector value="zText.subtitle-background"/></styleSelector></styleDeclaration><styleDeclaration><styleBlock><styleBlock><color><color value="#333333"/></color><borderAlpha><double value="0"/></borderAlpha><borderThickness><double value="0"/></borderThickness></styleBlock></styleBlock><styleSelector><simpleSelector value="zLine"/></styleSelector></styleDeclaration><styleDeclaration><styleBlock><styleBlock><color><color value="#35A2B8"/></color><alpha><double value="0.65"/></alpha></styleBlock></styleBlock><styleSelector><simpleSelector value="zMarker"/></styleSelector></styleDeclaration><styleDeclaration><styleBlock><styleBlock><gradEndAlpha><double value="1"/></gradEndAlpha><gradStartAlpha><double value="1"/></gradStartAlpha><borderAlpha><double value="0"/></borderAlpha><borderThickness><double value="0"/></borderThickness><radius><double value="0"/></radius><thickness><double value="100"/></thickness></styleBlock></styleBlock><styleSelector><simpleSelector value="zTriangle"/></styleSelector></styleDeclaration><styleDeclaration><styleBlock><styleBlock><gradEndAlpha><double value="1"/></gradEndAlpha><gradStartAlpha><double value="1"/></gradStartAlpha><borderAlpha><double value="0"/></borderAlpha><borderThickness><double value="0"/></borderThickness><radius><double value="0"/></radius><thickness><double value="100"/></thickness></styleBlock></styleBlock><styleSelector><simpleSelector value="zSquare"/></styleSelector></styleDeclaration><styleDeclaration><styleBlock><styleBlock><borderColor><color value="#F7F7F7"/></borderColor></styleBlock></styleBlock><styleSelector><simpleSelector value="#43_30863873"/></styleSelector></styleDeclaration><styleDeclaration><styleBlock><styleBlock><borderColor><color value="#F7F7F7"/></borderColor></styleBlock></styleBlock><styleSelector><simpleSelector value="#44_30863873"/></styleSelector></styleDeclaration><styleDeclaration><styleBlock><styleBlock><borderColor><color value="#F7F7F7"/></borderColor></styleBlock></styleBlock><styleSelector><simpleSelector value="#46_30863873"/></styleSelector></styleDeclaration><styleDeclaration><styleBlock><styleBlock><borderColor><color value="#F7F7F7"/></borderColor></styleBlock></styleBlock><styleSelector><simpleSelector value="#47_30863873"/></styleSelector></styleDeclaration><styleDeclaration><styleBlock><styleBlock><borderColor><color value="#333333"/></borderColor></styleBlock></styleBlock><styleSelector><simpleSelector value="#64_30863873"/></styleSelector></styleDeclaration><styleDeclaration><styleBlock><styleBlock><borderColor><color value="#333333"/></borderColor></styleBlock></styleBlock><styleSelector><simpleSelector value="#66_30863873"/></styleSelector></styleDeclaration></array></styleDeclarations></documentStyle></documentStyle><path><array><flyToObject><target><ref value="1"/></target></flyToObject><flyToObject><target><ref value="66_30863873"/></target></flyToObject><flyToObject><target><ref value="0_97550926"/></target></flyToObject><flyToObject><target><ref value="41_30863873"/></target></flyToObject><flyToObject><target><ref value="52_30863873"/></target></flyToObject><flyToObject><target><ref value="56_30863873"/></target></flyToObject><flyToObject><target><ref value="64_30863873"/></target></flyToObject><flyToObject><target><ref value="1"/></target></flyToObject></array></path><zObjects><array><zGroup><id><string value="61_30863873"/></id><children><array><ref value="60_30863873"/><ref value="43_30863873"/><ref value="44_30863873"/><ref value="46_30863873"/><ref value="47_30863873"/></array></children><localToWorld><transform2D x="0" y="0" scale="127.88337788031346" rotation="0"/></localToWorld></zGroup><zSwfGraphics><id><string value="60_30863873"/></id><onlineAssetId><string value="2213068288"/></onlineAssetId><onlineAssetUrl><string value="http://0103.static.prezi.com.s3.amazonaws.com/media/8/c/a/7a3908fa73c5fc3c292008ffba60afa2b07de.swf"/></onlineAssetUrl><assetSourceFilename><string value="Mountain_woshadow.swf"/></assetSourceFilename><swfBoundsLeft><double value="132.2"/></swfBoundsLeft><swfBoundsTop><double value="26.4"/></swfBoundsTop><width><double value="1469"/></width><height><double value="1045"/></height><localToWorld><transform2D x="602.3" y="1082.2" scale="16.829914372619047" rotation="0"/></localToWorld></zSwfGraphics><zSquare><id><string value="43_30863873"/></id><width><double value="40"/></width><height><double value="40"/></height><styleClasses><array><token value="poly1"/></array></styleClasses><localToWorld><transform2D x="-58840.07937727685" y="-23066.94984481877" scale="5.017265665648378" rotation="0"/></localToWorld></zSquare><zSquare><id><string value="44_30863873"/></id><width><double value="40"/></width><height><double value="40"/></height><styleClasses><array><token value="poly1"/></array></styleClasses><localToWorld><transform2D x="-58840.08160141354" y="20336.312026900738" scale="5.017265665648378" rotation="0"/></localToWorld></zSquare><zSquare><id><string value="46_30863873"/></id><width><double value="40"/></width><height><double value="40"/></height><styleClasses><array><token value="poly1"/></array></styleClasses><localToWorld><transform2D x="58840.08160141354" y="-20336.312026900745" scale="5.017265665648378" rotation="0"/></localToWorld></zSquare><zSquare><id><string value="47_30863873"/></id><width><double value="40"/></width><height><double value="40"/></height><styleClasses><array><token value="poly1"/></array></styleClasses><localToWorld><transform2D x="58840.079377276874" y="23066.94984481877" scale="5.017265665648378" rotation="0"/></localToWorld></zSquare><zInvisibleFrame><id><string value="1"/></id><width><double value="1197.448853773701"/></width><height><double value="768.4243450263131"/></height><styleClasses><array><token value="invisible"/></array></styleClasses><localToWorld><transform2D x="715.7417660225117" y="-1982.252234526016" scale="39.26532946768657" rotation="0"/></localToWorld></zInvisibleFrame><zText><id><string value="25_24309637"/></id><text><text><width>490.65722573217215</width><p align="center"><span><![CDATA[Nashville Patient Guide]]></span></p></text></text><styleClasses><array><token value="title"/></array></styleClasses><localToWorld><transform2D x="716.0415280399781" y="-14518.70974175728" scale="89.16715844050323" rotation="0"/></localToWorld></zText><zText><id><string value="2_30863873"/></id><text><text><width>430.83249762664695</width><p align="center"><span><![CDATA[Programs For Cancer Effected Families]]></span></p></text></text><styleClasses><array><token value="subtitle"/></array></styleClasses><localToWorld><transform2D x="1751.8728613215217" y="-11300.741522491711" scale="45.11821276611781" rotation="0"/></localToWorld></zText><zCircleFrame><id><string value="64_30863873"/></id><width><double value="800"/></width><height><double value="800"/></height><styleClasses><array><token value="circle"/></array></styleClasses><localToWorld><transform2D x="3485.5775350869085" y="-8600.223642830795" scale="3.2541119489878723" rotation="0"/></localToWorld></zCircleFrame><zCircleFrame><id><string value="66_30863873"/></id><width><double value="800"/></width><height><double value="800"/></height><styleClasses><array><token value="circle"/></array></styleClasses><localToWorld><transform2D x="-11119.508409733591" y="8008.224611443693" scale="5.33650010261702" rotation="0"/></localToWorld></zCircleFrame><zText><id><string value="68_30863873"/></id><text><text><width>305.0038223601337</width><p align="center"><span><![CDATA[Problem]]></span></p></text></text><styleClasses><array><token value="subtitle"/></array></styleClasses><localToWorld><transform2D x="-11162.939921744502" y="8252.558737631745" scale="9.548921895669451" rotation="0"/></localToWorld></zText><zText><id><string value="70_30863873"/></id><text><text><width>335.15132408665926</width><p><span><![CDATA[Bridge the information gap between families and local programs]]></span></p></text></text><styleClasses><array><token value="body"/></array></styleClasses><localToWorld><transform2D x="-11180.88730335717" y="8927.720620468685" scale="6.680620436322627" rotation="0"/></localToWorld></zText><zSwfGraphics><id><string value="33_30863873"/></id><onlineAssetId><string value="606504015"/></onlineAssetId><onlineAssetUrl><string value="http://0103.static.prezi.com.s3.amazonaws.com/media/9/3/2/456df45125595c6093d30f7f2638a6aacc891.swf"/></onlineAssetUrl><assetSourceFilename><string value="flag_rect_g.swf"/></assetSourceFilename><width><double value="135"/></width><height><double value="208"/></height><localToWorld><transform2D x="3485.7" y="-7842.2" scale="2.633869557946093" rotation="0"/></localToWorld></zSwfGraphics><zText><id><string value="34_30863873"/></id><text><text><width>305.0038223601337</width><p align="center"><span><![CDATA[Questions?]]></span></p></text></text><styleClasses><array><token value="title"/></array></styleClasses><localToWorld><transform2D x="3522.444238362484" y="-8760.250596581438" scale="10.406017229609562" rotation="0"/></localToWorld></zText><zText><id><string value="35_30863873"/></id><text><text><width>363.7089298186199</width><p><span><![CDATA[Click to add text]]></span></p></text></text><isPlaceholder><bool value="true"/></isPlaceholder><styleClasses><array><token value="body"/></array></styleClasses><localToWorld><transform2D x="3479.33781487454" y="-8874.141404571636" scale="4.461627560478643" rotation="0"/></localToWorld></zText><zRectangleFrame><id><string value="41_30863873"/></id><width><double value="808.9"/></width><height><double value="461.0310880829016"/></height><styleClasses><array><token value="roundrect"/></array></styleClasses><localToWorld><transform2D x="-10357.5" y="3692.6" scale="4.313773148283871" rotation="-0.10303766914982206"/></localToWorld></zRectangleFrame><zSwfGraphics><id><string value="59_30863873"/></id><onlineAssetId><string value="2212911538"/></onlineAssetId><onlineAssetUrl><string value="http://0103.static.prezi.com.s3.amazonaws.com/media/0/9/c/8c608596b335ec0e0ba9146ce032d957eddf3.swf"/></onlineAssetUrl><assetSourceFilename><string value="summit_dark.swf"/></assetSourceFilename><swfBoundsLeft><double value="4.4"/></swfBoundsLeft><swfBoundsTop><double value="4.5"/></swfBoundsTop><width><double value="102"/></width><height><double value="133"/></height><localToWorld><transform2D x="-10330.849999999997" y="7497.400000000001" scale="6.650548182756299" rotation="0"/></localToWorld></zSwfGraphics><zRectangleFrame><id><string value="0_97550926"/></id><width><double value="800"/></width><height><double value="600"/></height><styleClasses><array><token value="roundrect"/></array></styleClasses><localToWorld><transform2D x="-12225.2" y="2358" scale="7.5578587487825795" rotation="0"/></localToWorld></zRectangleFrame><zText><id><string value="49_30863873"/></id><text><text><width>409.346143553921</width><p align="center"><span><![CDATA[Our solution]]></span></p></text></text><styleClasses><array><token value="subtitle"/></array></styleClasses><localToWorld><transform2D x="-10435.091942690718" y="2943.583824138177" scale="6.6187765186322425" rotation="-0.10303766914982203"/></localToWorld></zText><zText><id><string value="51_30863873"/></id><text><text><width>642.4221214502834</width><p><span><![CDATA[https://eventsatnashville.wordpress.com]]></span></p></text></text><styleClasses><array><token value="body"/></array></styleClasses><localToWorld><transform2D x="-10384.852570074941" y="3426.820824007666" scale="4.255750344969886" rotation="-0.103037669149822"/></localToWorld></zText><zRectangleFrame><id><string value="52_30863873"/></id><width><double value="808.9"/></width><height><double value="461.0310880829016"/></height><styleClasses><array><token value="roundrect"/></array></styleClasses><localToWorld><transform2D x="-6754.199999999999" y="1659.8499999999997" scale="4.313773148283871" rotation="0.16393213891200253"/></localToWorld></zRectangleFrame><zText><id><string value="53_30863873"/></id><text><text><width>409.346143553921</width><p align="center"><span><![CDATA[Future development]]></span></p></text></text><styleClasses><array><token value="subtitle"/></array></styleClasses><localToWorld><transform2D x="-6631.445414345792" y="916.8984181495716" scale="6.618776518632242" rotation="0.16393213891200256"/></localToWorld></zText><zText><id><string value="54_30863873"/></id><text><text><width>642.4221214502834</width><p indent="1" listType="bullet"><span><![CDATA[More professional development (prototype)]]></span></p><p indent="1" listType="bullet"><span><![CDATA[Not only Nashville focused]]></span></p><p indent="1" listType="bullet"><span><![CDATA[Groups can submit their services to be added to the site]]></span></p></text></text><styleClasses><array><token value="body"/></array></styleClasses><localToWorld><transform2D x="-6729.637574574885" y="1512.1542132036168" scale="4.255750344969892" rotation="0.16393213891200265"/></localToWorld></zText><zRectangleFrame><id><string value="56_30863873"/></id><width><double value="808.9"/></width><height><double value="461.0310880829016"/></height><styleClasses><array><token value="roundrect"/></array></styleClasses><localToWorld><transform2D x="-6402.108224735371" y="6392.349999999999" scale="4.313773148283871" rotation="0.0064686490338671035"/></localToWorld></zRectangleFrame><zText><id><string value="57_30863873"/></id><text><text><width>409.346143553921</width><p align="center"><span><![CDATA[Issues We Ran Into]]></span></p></text></text><styleClasses><array><token value="subtitle"/></array></styleClasses><localToWorld><transform2D x="-6397.377232762493" y="5639.340465539684" scale="6.618776518632238" rotation="0.006468649033867291"/></localToWorld></zText><zText><id><string value="58_30863873"/></id><text><text><width>642.4221214502834</width><p indent="1" listType="bullet"><span><![CDATA[Website development limitations]]></span></p><p indent="1" listType="bullet"><span><![CDATA[Finding good programs to promote]]></span></p><p indent="1" listType="bullet"><span><![CDATA[Time constraints]]></span></p></text></text><styleClasses><array><token value="body"/></array></styleClasses><localToWorld><transform2D x="-6401.010386035464" y="6242.629751101073" scale="4.2557503449698855" rotation="0.006468649033867251"/></localToWorld></zText><zText><id><string value="1_97550926"/></id><text><text><width>-151.512</width><p><span style="italic" color="3355443"><![CDATA[Design Process]]></span></p></text></text><styleClasses><array><token value="title"/></array></styleClasses><localToWorld><transform2D x="-13740.5" y="956.65" scale="21.883004642912802" rotation="-0.47234085638640355"/></localToWorld></zText><zText><id><string value="2_97550926"/></id><text><text><width>-250.056</width><p indent="1" listType="bullet"><span color="0"><![CDATA[DIVE Bootcamp]]></span></p><p indent="1" listType="bullet"><span color="0"><![CDATA[Brainstorming]]></span></p><p indent="1" listType="bullet"><span color="0"><![CDATA[Project Plan/Outline]]></span></p></text></text><styleClasses><array><token value="title"/></array></styleClasses><localToWorld><transform2D x="-12671.602935170968" y="2114.289097159788" scale="6.6187765186322425" rotation="0"/></localToWorld></zText></array></zObjects></prezi>